Full Address,Current Location,Associated Vehicle,Current LocationIDs,Associated Vehicle IDs
"1420 Turtleback Trail, Panama City, FL 32413",OVBELZL80K6K919MA;Z5U0834DW7EVJ4HV5;QX3718ID5LJ4OJWB7;18ERY3SC7ZLGJOSH4;UNF5SK5FWIGMML4NR;F8EIPBTDKTDQ4T5BJ;ZN5UGR9WAXDUZMDTU;XLSAD5YE87GBYV3W2;66O707W8WEADDR4UH,OVBELZL80K6K919MA;Z5U0834DW7EVJ4HV5;QX3718ID5LJ4OJWB7;18ERY3SC7ZLGJOSH4;UNF5SK5FWIGMML4NR;F8EIPBTDKTDQ4T5BJ;ZN5UGR9WAXDUZMDTU;XLSAD5YE87GBYV3W2;66O707W8WEADDR4UH,10677684120;10676460211;10677605894;10677803705;10676836366;10677655303;10677526872;10677866753;10676826967,10677684120;10676460211;10677605894;10677803705;10676836366;10677655303;10677526872;10677866753;10676826967
"1427 South Carolina Avenue Southeast, Washington, DC 20003",ARGDOFJOHZ5MYTCF8;GFA6N2BWV5A748O76;78NW1QSD0SLY7BJMP;42695GT96FIM7PHUE;MRNAXU2HK6MI2SR4X;N5KMTEC14FWAX50EO;9Y4LSX5ZCGCB110GQ;M25R2L7KWYXDV67YL;2S8ZKLHCBZ4XYW2Y5,ARGDOFJOHZ5MYTCF8;GFA6N2BWV5A748O76;78NW1QSD0SLY7BJMP;42695GT96FIM7PHUE;MRNAXU2HK6MI2SR4X;N5KMTEC14FWAX50EO;9Y4LSX5ZCGCB110GQ;M25R2L7KWYXDV67YL;2S8ZKLHCBZ4XYW2Y5,10676859780;10677711033;10677747629;10676796054;10676784811;10677735062;10676603246;10676538492;10676784809,10676859780;10677711033;10677747629;10676796054;10676784811;10677735062;10676603246;10676538492;10676784809
"21950 Arnold Center Road, Carson, CA 90810",E5TM7575DSV67WLV8;5CLKWABDDXW4G02WQ;TCPGLGGZ1VX33KG6Q;PFTXKRGGQDJ4XHW6V;0VAUQM2HHFN1V2QT1;LR62WX3YUXLB5HAXX;WB487ILNLN2GRPK9R;3N2ZI7YNGUX9RHGEN;9TD85JFVC2LDGAEV7,E5TM7575DSV67WLV8;5CLKWABDDXW4G02WQ;TCPGLGGZ1VX33KG6Q;PFTXKRGGQDJ4XHW6V;0VAUQM2HHFN1V2QT1;LR62WX3YUXLB5HAXX;WB487ILNLN2GRPK9R;3N2ZI7YNGUX9RHGEN;9TD85JFVC2LDGAEV7,10677689926;10677760073;10676807720;10677636946;10676784812;10676853634;10676906902;10677636947;10676826963,10677689926;10677760073;10676807720;10677636946;10676784812;10676853634;10676906902;10677636947;10676826963
"7 Underwood Place Northwest, Washington, DC 20012",KBM84N93B0S2Y16RM;V56N8Z5LGK6DT18RX;C51S6GJK490ZM4XYT;J5QBO9OCL1LWSSKLG;PIG4P0ZUB8XCQZ2FA;RMQN6ZFIXLQE4KR0L;MZQ0K6AP9F02I2VPO;R78PUZAKR6LOIKPJ9,KBM84N93B0S2Y16RM;V56N8Z5LGK6DT18RX;C51S6GJK490ZM4XYT;J5QBO9OCL1LWSSKLG;PIG4P0ZUB8XCQZ2FA;RMQN6ZFIXLQE4KR0L;MZQ0K6AP9F02I2VPO;R78PUZAKR6LOIKPJ9,10676603248;10677742776;10677668696;10676698658;10677830289;10676859778;10676774958;10676613159,10676603248;10677742776;10677668696;10676698658;10677830289;10676859778;10676774958;10676613159
"8505 Waters Avenue, Savannah, GA 31406",CK6XGGAOO0LURII68;W7B4UB2Y44F7WXQZX;7Z9CVSWW31IRWNEMU;UK1I5SDZJWHYVSSZA;IL99AIUPI8KJ4NPBF,CK6XGGAOO0LURII68;W7B4UB2Y44F7WXQZX;7Z9CVSWW31IRWNEMU;UK1I5SDZJWHYVSSZA;IL99AIUPI8KJ4NPBF,10676637524;10677803703;10676807722;10676569727;10676698660,10676637524;10677803703;10676807722;10676569727;10676698660
"6231 North 67th Avenue, Glendale, AZ 85301",WSX3GY5N1LGUHVTNP;G5MXBKVSID1U218ZG;LJ2ZV2BNAVWXA9FX2;CRM6CGR9RQTNTH8NB;XJYFXGWCLZ63R8FVH,WSX3GY5N1LGUHVTNP;G5MXBKVSID1U218ZG;LJ2ZV2BNAVWXA9FX2;CRM6CGR9RQTNTH8NB;XJYFXGWCLZ63R8FVH,10677866680;10676807721;10676460210;10677587523;10676603247,10677866680;10676807721;10676460210;10677587523;10676603247
"117 East Cook Avenue, Anchorage, AK 99501",D387PHQ09YKHHGH7K;E49KLYLQ1SZZT5BLS;TZKVXPE9EP8UU32MX;431O3ZABZ72GPK887;R1CFVSUQFSM4BVNP0;EGTEO5GCPT4ZT46D0;CCT4GAYPHE3JUW329,D387PHQ09YKHHGH7K;E49KLYLQ1SZZT5BLS;TZKVXPE9EP8UU32MX;431O3ZABZ72GPK887;R1CFVSUQFSM4BVNP0;EGTEO5GCPT4ZT46D0;CCT4GAYPHE3JUW329,10676569728;10676853632;10677689929;10676741415;10677689927;10677668695;10676846621,10676569728;10676853632;10677689929;10676741415;10677689927;10677668695;10676846621
"8800 Cordell Circle, Anchorage, AK 99502",5YRWQQ7HIZWCU13QQ;7UFJ80VT19BRGWWSZ;G4Q3E5M2HEQROIXQ0;Q3OCSB0DA00AFOUHZ;ZV3M1GRVDDDJX735M,5YRWQQ7HIZWCU13QQ;7UFJ80VT19BRGWWSZ;G4Q3E5M2HEQROIXQ0;Q3OCSB0DA00AFOUHZ;ZV3M1GRVDDDJX735M,10677684117;10677804939;10676698659;10676569729;10677661852,10677684117;10677804939;10676698659;10676569729;10677661852
"3301 Old Muldoon Road, Anchorage, AK 99504",KWTT0UDNA5JM84VND;D38ETKP1H4FNT9DIF;YCJ33U3JSB461I6MD;EGTNISXLJJL6HQP7N;IQE5ZRNWDQ87BYBSJ;DY63672MQX2Q6ALSJ;4T2GKVXDQ3E8A3BV0;O04TLARK3X5O8XR80;YXRQGJ7XOQJUGKOD2,KWTT0UDNA5JM84VND;D38ETKP1H4FNT9DIF;YCJ33U3JSB461I6MD;EGTNISXLJJL6HQP7N;IQE5ZRNWDQ87BYBSJ;DY63672MQX2Q6ALSJ;4T2GKVXDQ3E8A3BV0;O04TLARK3X5O8XR80;YXRQGJ7XOQJUGKOD2,10677866756;10676631908;10677765422;10676583718;10677775124;10676618886;10677562513;10677830284;10676819486,10677866756;10676631908;10677765422;10676583718;10677775124;10676618886;10677562513;10677830284;10676819486
"8315 Surf Drive, Panama City Beach, FL 32408",0AI4T3B4F8QDLVQ6T;3AHJGG48HPVSLZQR2;KCLBZXB4Q18X2OZBL;AJ44XD1XX8RZTMF8S;9V5ZCY5E9DP1D0UD8;4TGDCK3VXXGGHACCQ;BV3X7J8GB3JSXIVOJ;IERDVO4HJN1LBEWXS,0AI4T3B4F8QDLVQ6T;3AHJGG48HPVSLZQR2;KCLBZXB4Q18X2OZBL;AJ44XD1XX8RZTMF8S;9V5ZCY5E9DP1D0UD8;4TGDCK3VXXGGHACCQ;BV3X7J8GB3JSXIVOJ;IERDVO4HJN1LBEWXS,10676631910;10677720719;10677760072;10677676102;10676698662;10676910004;10677760082;10676732254,10676631910;10677720719;10677760072;10677676102;10676698662;10676910004;10677760082;10676732254
"1903 Bashford Manor Lane, Louisville, KY 40218",FJW4VDEBELR10DH48;4374S5NYDN399E22K;UXXTAGPJZXF1K6SJB;0FQ33LYJE0DZ2I5J6;DE3D6GIPQNLA9ZUQU;FTA1J45XF9PKDU6TM,FJW4VDEBELR10DH48;4374S5NYDN399E22K;UXXTAGPJZXF1K6SJB;0FQ33LYJE0DZ2I5J6;DE3D6GIPQNLA9ZUQU;FTA1J45XF9PKDU6TM,10677668697;10677605893;10676681224;10677689933;10676906904;10676826968,10677668697;10677605893;10676681224;10677689933;10676906904;10676826968
"2409 Research Boulevard, Fort Collins, CO 80526",TGDWULRM8INI2PJVM;QSVUG79XFW3UGNULV;PZDB1CV3KC7OAPAA2;M8C69RZRTV28KR6XF;ITUERPXC57LY0ELVB;3EHDFXF58ELZZ8G6F;7GGL2ZCOP7HSLKVXR;70DX2SJ08TKAOFENW;UTFNYEQS0P7VH6Q6W;5H0MN0RJYHC23EL7L,TGDWULRM8INI2PJVM;QSVUG79XFW3UGNULV;PZDB1CV3KC7OAPAA2;M8C69RZRTV28KR6XF;ITUERPXC57LY0ELVB;3EHDFXF58ELZZ8G6F;7GGL2ZCOP7HSLKVXR;70DX2SJ08TKAOFENW;UTFNYEQS0P7VH6Q6W;5H0MN0RJYHC23EL7L,10676826966;10676583717;10677747631;10677760075;10676618890;10676583724;10677775125;10677562515;10676836369;10677717151,10676826966;10676583717;10677747631;10677760075;10676618890;10676583724;10677775125;10677562515;10676836369;10677717151
"165 Saint John Street, Manchester, CT 06040",1UGCYWTA4DCWK7KPE;B2X5XP3TIF5GXDURA;ARTP8QD6ZCI0L0XG8;L9UO3XUQ1VY43E5L8;EW9LWIY9P3VLOZG8J;4JW57PHKFJB4Z1WE0;C5SD5303MD6T5DSMY;7SK8RE9SVQGHZUXSF,1UGCYWTA4DCWK7KPE;B2X5XP3TIF5GXDURA;ARTP8QD6ZCI0L0XG8;L9UO3XUQ1VY43E5L8;EW9LWIY9P3VLOZG8J;4JW57PHKFJB4Z1WE0;C5SD5303MD6T5DSMY;7SK8RE9SVQGHZUXSF,10677508352;10677614195;10677508279;10677661845;10677744155;10677752713;10676689517;10677636950,10677508352;10677614195;10677508279;10677661845;10677744155;10677752713;10676689517;10677636950
"1770 Colony Way, Fayetteville, AR 72704",NCRU0M6WNEGWRP3Q6;H8KXHVIQP9FIUSXK5;H3W14W8XG3H27RW6B;NS2CBEH7KAKTV7Q3S;YTFTCASQSKJK5LEA1;RAM1E8QH6YZ5VABOU,NCRU0M6WNEGWRP3Q6;H8KXHVIQP9FIUSXK5;H3W14W8XG3H27RW6B;NS2CBEH7KAKTV7Q3S;YTFTCASQSKJK5LEA1;RAM1E8QH6YZ5VABOU,10677775123;10677684118;10676758095;10677631553;10677542830;10677605892,10677775123;10677684118;10676758095;10677631553;10677542830;10677605892
"1347 Blackwalnut Court, Annapolis, MD 21403",QEOQV08AMHABBI10C;DFKFPU8XJLL8OHVY9;P71DA11ZSD0AULJQ7;Z0M5O5QLU5WI812DE;6QZFFBHLJVITEFFJV;KVX2F14AO1PWIKVHE;MQ1A3AKGKXV06KQ1I;BFQ61D6BSO1RO38XM;GI8F673RA6WT7B0JM,QEOQV08AMHABBI10C;DFKFPU8XJLL8OHVY9;P71DA11ZSD0AULJQ7;Z0M5O5QLU5WI812DE;6QZFFBHLJVITEFFJV;KVX2F14AO1PWIKVHE;MQ1A3AKGKXV06KQ1I;BFQ61D6BSO1RO38XM;GI8F673RA6WT7B0JM,10676853635;10677644100;10677661849;10676846623;10676906903;10677668699;10676583721;10677702827;10677605891,10676853635;10677644100;10677661849;10676846623;10676906903;10677668699;10676583721;10677702827;10677605891
"19416 Barclay Road, Castro Valley, CA 94546",0468BS893L7JOMRNX;CTLKW757XPU018DF3;OOE50JRMDKB9GTYDB;PLLFQ6V5MS2J30GGS;DKAJ4OYQ5Z4QSSHXH;DPVJA3QI4WOOUK46F;E0ZEE0Y3PZR8B47SI,0468BS893L7JOMRNX;CTLKW757XPU018DF3;OOE50JRMDKB9GTYDB;PLLFQ6V5MS2J30GGS;DKAJ4OYQ5Z4QSSHXH;DPVJA3QI4WOOUK46F;E0ZEE0Y3PZR8B47SI,10676575801;10676618887;10676758096;10677717152;10676784807;10677661847;10677804940,10676575801;10676618887;10676758096;10677717152;10676784807;10677661847;10677804940
"6601 West Ocotillo Road, Glendale, AZ 85301",F39AYDE8P8PCNS5XY;1OFIHFASO5U7X15W6;8F0UT2Z8XULW9NGGJ;LV6NSCZOAN6V5DJ7U;64J82CV242A97OLOZ,F39AYDE8P8PCNS5XY;1OFIHFASO5U7X15W6;8F0UT2Z8XULW9NGGJ;LV6NSCZOAN6V5DJ7U;64J82CV242A97OLOZ,10677765420;10677572432;10677803702;10677803776;10677803780,10677765420;10677572432;10677803702;10677803776;10677803780
"74 Ranch Drive, Montgomery, AL 36109",MZNPVBZJSSYLVTWIW;WGEIR6CJHKHOKT9B6;YC2CVHSW1EA8DNFVI;4EGOVILTKDMCBNKZ4;CLHKDOYA7ENBAH6R8;AO161KDMBCNXYUPUL;ZLPPKUG5JQTEL6U68;BP8XNQT8FDBWC6CO9;3S6U1P8DQB522CL6U,MZNPVBZJSSYLVTWIW;WGEIR6CJHKHOKT9B6;YC2CVHSW1EA8DNFVI;4EGOVILTKDMCBNKZ4;CLHKDOYA7ENBAH6R8;AO161KDMBCNXYUPUL;ZLPPKUG5JQTEL6U68;BP8XNQT8FDBWC6CO9;3S6U1P8DQB522CL6U,10676853633;10676538490;10677717150;10677605895;10677866752;10676637523;10676859777;10677655305;10677601852,10676853633;10676538490;10677717150;10677605895;10677866752;10676637523;10676859777;10677655305;10677601852
"10826 Pointe Royal Drive, Bakersfield, CA 93311",9BZMH57BO8R8BAC98;AR2A4W6MO1CO554DF;3B9DO8PGVJXRJM280;TJ0TYFTFKSTDXSLQY;71VVN9HQGOCCBNSB7;QNFUI2H3CZ2GXG5QU;TQO2LF7J2OUMJV9O8;19NBG9N4ZJIUHUZAX,9BZMH57BO8R8BAC98;AR2A4W6MO1CO554DF;3B9DO8PGVJXRJM280;TJ0TYFTFKSTDXSLQY;71VVN9HQGOCCBNSB7;QNFUI2H3CZ2GXG5QU;TQO2LF7J2OUMJV9O8;19NBG9N4ZJIUHUZAX,10677655304;10676853631;10677655309;10676603249;10677760081;10676698656;10676569736;10677720716,10677655304;10676853631;10677655309;10676603249;10677760081;10676698656;10676569736;10677720716
"130 Old Route 103, Chester, VT 05143",QSTM293R76G0J9ZIA;SE3DCVAXEAJC8XF0C;25O2OKWRTFNGKNJZ8;4B9ORYKS0LTED38FI;PC3Z9ZOOHHW6PFJHA;5RGSQ2AL7S0ST1XX3;4SD7YJNA79677JI3E;TCZG3BG8ICG3Z2NG0,QSTM293R76G0J9ZIA;SE3DCVAXEAJC8XF0C;25O2OKWRTFNGKNJZ8;4B9ORYKS0LTED38FI;PC3Z9ZOOHHW6PFJHA;5RGSQ2AL7S0ST1XX3;4SD7YJNA79677JI3E;TCZG3BG8ICG3Z2NG0,10676819490;10677744157;10676784810;10677508353;10677830287;10677696326;10676631906;10676910005,10676819490;10677744157;10676784810;10677508353;10677830287;10677696326;10676631906;10676910005
"270 Chrissy's Court, , VT 05443",BM4OMUPYRRTO16FRW;70ZZLHP15F4G4J5N5;EKY5DHC9RST2EED0R;DK9O6DIE8RXV37OBP;IPCL6OBT7UDYCFQAP;PA8CJH1CH4DEJR36R,BM4OMUPYRRTO16FRW;70ZZLHP15F4G4J5N5;EKY5DHC9RST2EED0R;DK9O6DIE8RXV37OBP;IPCL6OBT7UDYCFQAP;PA8CJH1CH4DEJR36R,10677636952;10677644099;10677747634;10677747630;10676732256;10677696328,10677636952;10677644099;10677747634;10677747630;10676732256;10677696328
"913 Fallview Trail, Nashville, TN 37211",TFE5ZI0DSXGGHEC5Y;HJM7HGRJG5GGZM1SM;L2DXRVTLHKVN62QXX;0KGYCUQTCGXSWFVRN;HESQI8XZ6J1QIUB0X;8RVP5FJBJCR4Q9J6Z,TFE5ZI0DSXGGHEC5Y;HJM7HGRJG5GGZM1SM;L2DXRVTLHKVN62QXX;0KGYCUQTCGXSWFVRN;HESQI8XZ6J1QIUB0X;8RVP5FJBJCR4Q9J6Z,10676774964;10676869464;10676698655;10676826964;10677752709;10676942428,10676774964;10676869464;10676698655;10676826964;10677752709;10676942428
"5108 Franklin Street, Savannah, GA 31405",8UBK18URFORVDBJ1C;ZQOYQCM0Z97LDI6P6;MRUVF2MHR0M362T70;GVKEUU9UPZEG6GTHX;D7UW9ZGS2ITOXBIE6;X9TU1CQYV5PT6TX82;8QD5OI2IIH8F70YTF,8UBK18URFORVDBJ1C;ZQOYQCM0Z97LDI6P6;MRUVF2MHR0M362T70;GVKEUU9UPZEG6GTHX;D7UW9ZGS2ITOXBIE6;X9TU1CQYV5PT6TX82;8QD5OI2IIH8F70YTF,10676910157;10676618885;10676676223;10676732259;10676819492;10676618889;10677752707,10676910157;10676618885;10676676223;10676732259;10676819492;10676618889;10677752707
"5811 Crossings Boulevard, Nashville, TN 37013",YM3WTR8RLMQODSMOS;RJ6UYG26KGJ8F6381;JCP03VP2H8ZXNHT7B;QXCPT065U8D9U654B;O8EOD6QGU0IB15XFH;LD5S4VP0UF3R1RD9F;TYRKLYRPRDGF6WW5J;L6UB68CYJ7X0C30AI;423X785I8MWMT8B5V,YM3WTR8RLMQODSMOS;RJ6UYG26KGJ8F6381;JCP03VP2H8ZXNHT7B;QXCPT065U8D9U654B;O8EOD6QGU0IB15XFH;LD5S4VP0UF3R1RD9F;TYRKLYRPRDGF6WW5J;L6UB68CYJ7X0C30AI;423X785I8MWMT8B5V,10676698657;10677601857;10677601853;10676910003;10677744154;10676689518;10677587526;10676741416;10677689928,10676698657;10677601857;10677601853;10676910003;10677744154;10676689518;10677587526;10676741416;10677689928
"1 Kempf Drive, Easton, MA 02375",WGMAF7JPI9WELI4AU;5ADOF30P1CYD3FB8R;YTMDJTWCECH6VFZ5G;7O32KXIKK5SM7QJIZ;CXOM9L0E0OG3P5UTZ,WGMAF7JPI9WELI4AU;5ADOF30P1CYD3FB8R;YTMDJTWCECH6VFZ5G;7O32KXIKK5SM7QJIZ;CXOM9L0E0OG3P5UTZ,10677760074;10677752708;10677765424;10676869465;10677830283,10677760074;10677752708;10677765424;10676869465;10677830283
"232 Maine Avenue, Panama City, FL 32401",TPHSQLKIMORZOSLDV;B4PE53YWY735RG1FL;JRS7Z8NI5Q8802UG8;6H2B5X745XVHAMJUM;UDIU77M7EW1DVKEM5;441WLVE62TT3QGHUI;ZRUFP7QYVPKUOMLPQ;GROHGXG5F853ZUSF4,TPHSQLKIMORZOSLDV;B4PE53YWY735RG1FL;JRS7Z8NI5Q8802UG8;6H2B5X745XVHAMJUM;UDIU77M7EW1DVKEM5;441WLVE62TT3QGHUI;ZRUFP7QYVPKUOMLPQ;GROHGXG5F853ZUSF4,10676603253;10677655308;10677526873;10677742849;10677587525;10677804938;10677572434;10677752712,10676603253;10677655308;10677526873;10677742849;10677587525;10677804938;10677572434;10677752712
"700 Winston Place, Anchorage, AK 99504",GA2K0GG5DRS3PD919;W5ZWISTYKJ1XHGDQI;4U5WN34V9LU1ZIZWZ;8JEZ3YHAQYWPJGO1Q;43T24GEQIENWF0ZR4;35P4U3ZM7WZDWMZP8,GA2K0GG5DRS3PD919;W5ZWISTYKJ1XHGDQI;4U5WN34V9LU1ZIZWZ;8JEZ3YHAQYWPJGO1Q;43T24GEQIENWF0ZR4;35P4U3ZM7WZDWMZP8,10677661848;10676676229;10677742777;10676670827;10677636951;10676836370,10677661848;10676676229;10677742777;10676670827;10677636951;10676836370
"8398 West Denton Lane, Glendale, AZ 85305",JUE1VXEPA4OKW46U8;3ITCSXASKOYESAXWJ;JG5S7HLVD43SP37FH;PZXCQURBJJ5MDQV72;PMVFFG3XU1HVE36UJ;I9J5ZM5PD9QHSFZIB;9OGZVBMP2PWBQS3ZQ;AVSAX5NRZ1ZUHSBQ1;JDX30ZEC6T64O8A0O,JUE1VXEPA4OKW46U8;3ITCSXASKOYESAXWJ;JG5S7HLVD43SP37FH;PZXCQURBJJ5MDQV72;PMVFFG3XU1HVE36UJ;I9J5ZM5PD9QHSFZIB;9OGZVBMP2PWBQS3ZQ;AVSAX5NRZ1ZUHSBQ1;JDX30ZEC6T64O8A0O,10676637522;10677760077;10677572430;10676618884;10677775126;10676631907;10677744156;10676711428;10676689516,10676637522;10677760077;10677572430;10676618884;10677775126;10676631907;10677744156;10676711428;10676689516
"31353 Santa Elena Way, Union City, CA 94587",E69GTL3S8KD8E0HS9;T64KXF4L5GMXMHT0W;L9B93PSEAZVEUM95P;HJN92QZ0S74QDJUGW;3X7S76NRKTZCL4010;4NNO8U2ENQ3IL17HD,E69GTL3S8KD8E0HS9;T64KXF4L5GMXMHT0W;L9B93PSEAZVEUM95P;HJN92QZ0S74QDJUGW;3X7S76NRKTZCL4010;4NNO8U2ENQ3IL17HD,10676583723;10676631909;10677648800;10676460212;10677765421;10676637521,10676583723;10676631909;10677648800;10676460212;10677765421;10676637521
"519 West 75th Avenue, Anchorage, AK 99518",QMRHVH6YK3UG2K9PA;QJ6SHDKPSR0RO3O1Z;JJ3L30RZNIGWJR7HZ;7KBE3F9IS02NI7ZLY;434MORMRI80GO24L3;PAYH4Z2X6PCKF1PKZ;8NOS8D1W5H2YDL8F2;4POXPYYGO37N57HH2;LFG90JLFNC152695S,QMRHVH6YK3UG2K9PA;QJ6SHDKPSR0RO3O1Z;JJ3L30RZNIGWJR7HZ;7KBE3F9IS02NI7ZLY;434MORMRI80GO24L3;PAYH4Z2X6PCKF1PKZ;8NOS8D1W5H2YDL8F2;4POXPYYGO37N57HH2;LFG90JLFNC152695S,10676676225;10676819487;10676676224;10677684119;10677742848;10677720717;10677696329;10676583719;10677760078,10676676225;10676819487;10676676224;10677684119;10677742848;10677720717;10677696329;10676583719;10677760078
"6657 West Rose Garden Lane, Glendale, AZ 85308",M8ZMZIAADVB5OOKLB;GZ7OS2033ZXIDP4MS;CRKQRZNKISFSGDPSN;TSJ24H60H406HRKZA;JWA7KBDHAUPQW4QFI;WGGJ24Y15WOZZ9JAL;QJOOSATQZZKO1IYJ1;Q95BJETSLMW0T8L87,M8ZMZIAADVB5OOKLB;GZ7OS2033ZXIDP4MS;CRKQRZNKISFSGDPSN;TSJ24H60H406HRKZA;JWA7KBDHAUPQW4QFI;WGGJ24Y15WOZZ9JAL;QJOOSATQZZKO1IYJ1;Q95BJETSLMW0T8L87,10676910158;10676631905;10676741417;10677735061;10676750502;10677747635;10676774960;10677542831,10676910158;10676631905;10676741417;10677735061;10676750502;10677747635;10676774960;10677542831
"132 Laurel Green Court, Savannah, GA 31419",8G497W5IPC2HVBVKK;W0NFJW91LZ18VGAIO;2KKKDWKPHMEV4N0QK;H6EO065UY9Z2C0ZU6;AAF0RHY0Y1A0X337B;80F86867I4UKHAIGG;6Z77FA6T8BX53B346;1NJKNQG465ZFY1CVU;XSB6D5VYANQF8U6M3;VGYUE6N3VJ309SO6R,8G497W5IPC2HVBVKK;W0NFJW91LZ18VGAIO;2KKKDWKPHMEV4N0QK;H6EO065UY9Z2C0ZU6;AAF0RHY0Y1A0X337B;80F86867I4UKHAIGG;6Z77FA6T8BX53B346;1NJKNQG465ZFY1CVU;XSB6D5VYANQF8U6M3;VGYUE6N3VJ309SO6R,10676774963;10676613163;10676774959;10677696332;10677587524;10676538491;10676460213;10676670829;10677866754;10676750503,10676774963;10676613163;10676774959;10677696332;10677587524;10676538491;10676460213;10676670829;10677866754;10676750503
"1364 Capri Drive, Panama City, FL 32405",JI6A3U4AXWE95ZK66;419KBBDAB6EBPEK9L;ZNJA64I51PZ8GQCX2;BE9LY743J8VLQ9COX;622PQT8T6GHD649TR;YTQP7FPG53LJSFOML;L44IW1KAV5NMZW5BL;Y7EHVOWF5KYB0D5YP,JI6A3U4AXWE95ZK66;419KBBDAB6EBPEK9L;ZNJA64I51PZ8GQCX2;BE9LY743J8VLQ9COX;622PQT8T6GHD649TR;YTQP7FPG53LJSFOML;L44IW1KAV5NMZW5BL;Y7EHVOWF5KYB0D5YP,10677648799;10677711108;10676807726;10676613162;10676819488;10677631552;10676681229;10677830285,10677648799;10677711108;10676807726;10676613162;10676819488;10677631552;10676681229;10677830285
"310 Timrod Road, Manchester, CT 06040",DWECS79Y4LBB2PF06;VSDPLS6JFSNKAK1VG;BBK74X09OT0T4WNSE;IO588LNN5ZBQFBDZS;IT1S0K7KX0K44R3D6;YAWRZDVP3E8S2XW1L;ZW4RJMIJK0DHF7XJW;CN5LTOXNJZUQ3IJJG,DWECS79Y4LBB2PF06;VSDPLS6JFSNKAK1VG;BBK74X09OT0T4WNSE;IO588LNN5ZBQFBDZS;IT1S0K7KX0K44R3D6;YAWRZDVP3E8S2XW1L;ZW4RJMIJK0DHF7XJW;CN5LTOXNJZUQ3IJJG,10676784808;10676583720;10676836373;10677711107;10676796059;10676826965;10677803781;10676732257,10676784808;10676583720;10676836373;10677711107;10676796059;10676826965;10677803781;10676732257
"4695 East Huntsville Road, Fayetteville, AR 72701",QT7XPF4Z979JU5SC7;IZ5X8EVF8VBM0UKLF;311GVPFAIDPO9Y9Y4;40QN7DXTM2XXJSEYX;T0EEUEQK23E94NHFN;MUR5LMEUDMDUWSFJU;C1K03NJINJ9CRYKM1;YI5FVLTQBWRNZSHDO,QT7XPF4Z979JU5SC7;IZ5X8EVF8VBM0UKLF;311GVPFAIDPO9Y9Y4;40QN7DXTM2XXJSEYX;T0EEUEQK23E94NHFN;MUR5LMEUDMDUWSFJU;C1K03NJINJ9CRYKM1;YI5FVLTQBWRNZSHDO,10677631556;10677636948;10677661846;10677752714;10676942431;10677614193;10676681226;10677601856,10677631556;10677636948;10677661846;10677752714;10676942431;10677614193;10676681226;10677601856
"80 North East Street, Holyoke, MA 01040",NFQA85XAW4RV9SVTT;BH8526ZIC4Q4MFTIH;VLH7NLG5SNNS2QLHE;QI9IT8M1Z8VR15OJ4;YVEXQSNDCGHGXVSRN;Q802ZUV97X1X5ELVE,NFQA85XAW4RV9SVTT;BH8526ZIC4Q4MFTIH;VLH7NLG5SNNS2QLHE;QI9IT8M1Z8VR15OJ4;YVEXQSNDCGHGXVSRN;Q802ZUV97X1X5ELVE,10676583722;10677648803;10676846622;10676670828;10677614197;10676758097,10676583722;10677648803;10676846622;10676670828;10677614197;10676758097
"12245 West 71st Place, Arvada, CO 80004",2ZUESOLSI7101UBEM;TFTBTPOEW9SBHRLGY;PYYA1UW31OMZPLOE1;FGG88G46U1LBFZD4S;XKMUAK0KXL3852WTX;7FW3G1257DO4AEF5W,2ZUESOLSI7101UBEM;TFTBTPOEW9SBHRLGY;PYYA1UW31OMZPLOE1;FGG88G46U1LBFZD4S;XKMUAK0KXL3852WTX;7FW3G1257DO4AEF5W,10677804942;10676819489;10677676105;10677587614;10676807723;10676711432,10677804942;10676819489;10677676105;10677587614;10676807723;10676711432
"491 Arabian Way, Grand Junction, CO 81504",3PKMWAP5OTCTJ38ED;GYQKNZP986ORWTX02;U6AHYDFKSGTTPMX1Y;K85YODQQ6WC6C9J29;1VMNBQA7J8QSDW02Q;7M1D8D7CXT6ADMO2T;HA5DKKWXUY3F4U2SC;AO0STURM02FBM49P4;KCDWIOZJVE3T8Z1SK,3PKMWAP5OTCTJ38ED;GYQKNZP986ORWTX02;U6AHYDFKSGTTPMX1Y;K85YODQQ6WC6C9J29;1VMNBQA7J8QSDW02Q;7M1D8D7CXT6ADMO2T;HA5DKKWXUY3F4U2SC;AO0STURM02FBM49P4;KCDWIOZJVE3T8Z1SK,10676807724;10676836367;10677803782;10676942427;10677526877;10676741419;10677655306;10677572431;10676741421,10676807724;10676836367;10677803782;10676942427;10677526877;10676741419;10677655306;10677572431;10676741421
"8376 Albacore Drive, Pasadena, MD 21122",9BP5FVX9J1MFDQOQA;R996XBM4QUNLWMJ3D;R5EE9XQ07S9HBBI6L;YLAVTKU4RKSM2TJBZ;V2M1JCYTRZLZ8O3BM;3AL2RVKT8IBJAA6X5;J2ID9ZYDLT6VPPH85,9BP5FVX9J1MFDQOQA;R996XBM4QUNLWMJ3D;R5EE9XQ07S9HBBI6L;YLAVTKU4RKSM2TJBZ;V2M1JCYTRZLZ8O3BM;3AL2RVKT8IBJAA6X5;J2ID9ZYDLT6VPPH85,10677803778;10677717156;10677587522;10676846629;10677830294;10676758101;10677562514,10677803778;10677717156;10677587522;10676846629;10677830294;10676758101;10677562514
"1101 Lotus Avenue, Glen Burnie, MD 21061",W3NJ1ZIAY5Q6SKCR2;5QIAEZC36W9I02UOV;KPKWV1TZ71DW4JLWR;O3O5RZ7MLW0K38V5P;YQZUMEDC5SUBDBQJE;RVFGLKAL4B9QT9IJM,W3NJ1ZIAY5Q6SKCR2;5QIAEZC36W9I02UOV;KPKWV1TZ71DW4JLWR;O3O5RZ7MLW0K38V5P;YQZUMEDC5SUBDBQJE;RVFGLKAL4B9QT9IJM,10676846620;10677587612;10677735066;10676676232;10676774961;10677508354,10676846620;10677587612;10677735066;10676676232;10676774961;10677508354
"125 John Street, Santa Cruz, CA 95060",235I1NZZR59KR6T5N;VH31Q8ARGZU09I3X4;CG53DX4U7VZ0TR3WK;Y4C4822IF67Q7TX8X;D4VJDNB707ANHISA1,235I1NZZR59KR6T5N;VH31Q8ARGZU09I3X4;CG53DX4U7VZ0TR3WK;Y4C4822IF67Q7TX8X;D4VJDNB707ANHISA1,10676846624;10676846631;10676910156;10676698661;10677830288,10676846624;10676846631;10676910156;10676698661;10677830288
"159 Downey Drive, Manchester, CT 06040",S92L39SFAVZCZUWRQ;Y5QRFOCJK74OMSWIU;064D9BSX4WQZNF2XT;HC7VWA0V4TDKGO0ZS;EK2G6RCZS23DQFP74;1V1N2ZODKYTM0WNCC;Y3UZKWFLD74Y525WH,S92L39SFAVZCZUWRQ;Y5QRFOCJK74OMSWIU;064D9BSX4WQZNF2XT;HC7VWA0V4TDKGO0ZS;EK2G6RCZS23DQFP74;1V1N2ZODKYTM0WNCC;Y3UZKWFLD74Y525WH,10676807725;10677587521;10676859781;10676637525;10676853637;10677689936;10677726634,10676807725;10677587521;10676859781;10676637525;10676853637;10677689936;10677726634
"172 Alburg Springs Road, Alburgh, VT 05440",2LIXURP0EB86YCBDV;GRK5T13YGXXOPS7RN;KAMP6M6Y4ILIDQA0W;EX8Y82EBMX951XYV0;N43S5X9REBPR9HB5J;VNDGNFQH5EUVNS0VQ;P6D9YM8Y5UJ4N5I4O;W42U3TGBBD5DCZ1JX;4P6QUVE66Z2IUXJLO,2LIXURP0EB86YCBDV;GRK5T13YGXXOPS7RN;KAMP6M6Y4ILIDQA0W;EX8Y82EBMX951XYV0;N43S5X9REBPR9HB5J;VNDGNFQH5EUVNS0VQ;P6D9YM8Y5UJ4N5I4O;W42U3TGBBD5DCZ1JX;4P6QUVE66Z2IUXJLO,10676711431;10676942426;10676774962;10677542832;10677636954;10677760076;10677631555;10677689930;10677726632,10676711431;10676942426;10676774962;10677542832;10677636954;10677760076;10677631555;10677689930;10677726632
"816 West 19th Avenue, Anchorage, AK 99503",WHYHUFUM1KWSH8LXS;ZHGSH5H6D1YDDL2LL;OR1S0I5W2JLX2T4EH;6BGB0KNXJNQPLLE0O;19L1A9O954M914HMZ;L0IT7YE5W0P5T8GHI,WHYHUFUM1KWSH8LXS;ZHGSH5H6D1YDDL2LL;OR1S0I5W2JLX2T4EH;6BGB0KNXJNQPLLE0O;19L1A9O954M914HMZ;L0IT7YE5W0P5T8GHI,10676575802;10676603254;10677526875;10677765428;10677601855;10676583728,10676575802;10676603254;10677526875;10677765428;10677601855;10676583728
"109 Summit Street, Burlington, VT 05401",TR3H9FXY7YGWY4R56;6XHQ14HKKMMVZC187;FTRNXE7YSUVEKM91D;1GVQMQOMN1TR4AK87;E4G6AWR1E4891TJON,TR3H9FXY7YGWY4R56;6XHQ14HKKMMVZC187;FTRNXE7YSUVEKM91D;1GVQMQOMN1TR4AK87;E4G6AWR1E4891TJON,10676774965;10677830286;10676613160;10677676108;10677735068,10676774965;10677830286;10676613160;10677676108;10677735068
"5306 Ritchie Highway, Baltimore, MD 21225",LO2NZFGTER9P091MS;ISAAERV1URFK7SD38;1JS8TQAGL6Z93J36Z;Z3HNSG2PBISTPT3S8;7H4JZOOTHHU03FTJZ;URFQCGA5WAEOP6GHA,LO2NZFGTER9P091MS;ISAAERV1URFK7SD38;1JS8TQAGL6Z93J36Z;Z3HNSG2PBISTPT3S8;7H4JZOOTHHU03FTJZ;URFQCGA5WAEOP6GHA,10676774966;10677587611;10677866757;10677775130;10676758098;10676784814,10676774966;10677587611;10677866757;10677775130;10676758098;10676784814
"3162 Martin Luther King Junior Boulevard, Fayetteville, AR 72704",LZTIK415DFL0F1NOY;2QF4I7IBXPQATH5G6;C8HK4ONZZ8ATLMPDT;FU8K9C3O29J2SUOUY;355O3CS9TXHC2GIXV;WOKYX6QPZVWNM2RPK;KJP0K15370PU4DVHW;TSAPRUBIF5BIGBD8B;J2UPCOYZMZP6KP4KR;YG573FFTPB6FAUASS,LZTIK415DFL0F1NOY;2QF4I7IBXPQATH5G6;C8HK4ONZZ8ATLMPDT;FU8K9C3O29J2SUOUY;355O3CS9TXHC2GIXV;WOKYX6QPZVWNM2RPK;KJP0K15370PU4DVHW;TSAPRUBIF5BIGBD8B;J2UPCOYZMZP6KP4KR;YG573FFTPB6FAUASS,10676859779;10676637531;10677775134;10677661856;10676846635;10676853639;10677696327;10676826970;10677744163;10676741424,10676859779;10676637531;10677775134;10677661856;10676846635;10676853639;10677696327;10676826970;10677744163;10676741424
"5615 West Villa Maria Drive, Glendale, AZ 85308",QPHJ27ER15N3FU5K9;N9BZ0DUOQ8DBDU0Q2;5SWRREPTL1QTEVISY;5QRXGT9SX0T3QZXZE;RK7Z964WIVNFO5XOS;KXZZDGNI86T4XNQZ6,QPHJ27ER15N3FU5K9;N9BZ0DUOQ8DBDU0Q2;5SWRREPTL1QTEVISY;5QRXGT9SX0T3QZXZE;RK7Z964WIVNFO5XOS;KXZZDGNI86T4XNQZ6,10676575806;10677644103;10677587613;10677661850;10677684122;10677711112,10676575806;10677644103;10677587613;10677661850;10677684122;10677711112
"1508 Massachusetts Avenue Southeast, Washington, DC 20003",MULJWB5JM54478R7G;N6M37A8A8M715QPGF;4X6GN1CJ4D2UGMSGO;JENJCUR63TTM69MHZ;GVDS1CWJ67YJJTDI1;3INH381IPKYADBTOX;HM00P0H9QB5T1HCT2;HH0CEKJZ3B9GQ7DOQ;HLXHY68AW1WWXXCLG,MULJWB5JM54478R7G;N6M37A8A8M715QPGF;4X6GN1CJ4D2UGMSGO;JENJCUR63TTM69MHZ;GVDS1CWJ67YJJTDI1;3INH381IPKYADBTOX;HM00P0H9QB5T1HCT2;HH0CEKJZ3B9GQ7DOQ;HLXHY68AW1WWXXCLG,10677735063;10676603250;10676637526;10676796057;10676836371;10677648805;10677676106;10676796060;10677614192,10677735063;10676603250;10676637526;10676796057;10676836371;10677648805;10677676106;10676796060;10677614192
"416 McIver Street, Nashville, TN 37211",HXMMFRL3KCRWRLRT4;VCIO8VPUVQSVC4M9Z;N6WYHZM6ESA7ZJCJQ;KIPTVARU3S5C6PYV4;2IH69QEG0N5AZSTGE;2546H74Z6VNQXG44E;OBVIIXVVM8AKTCN7F;LMC5EBIFY4OHB72NG,HXMMFRL3KCRWRLRT4;VCIO8VPUVQSVC4M9Z;N6WYHZM6ESA7ZJCJQ;KIPTVARU3S5C6PYV4;2IH69QEG0N5AZSTGE;2546H74Z6VNQXG44E;OBVIIXVVM8AKTCN7F;LMC5EBIFY4OHB72NG,10676569737;10676796063;10677717155;10676869467;10676460217;10676698663;10677782048;10677752715,10676569737;10676796063;10677717155;10676869467;10676460217;10676698663;10677782048;10677752715
"716 Waller Road, Brentwood, TN 37027",Y1BV6G36IQF558E14;6DBIZO5E79I2VWMZC;QFBRXP8BD55HH3QGA;QKYWK0TE2CEDIDJX2;LMOS7O56608XHT5JP;3MEFYSG74IMH2X99V;FW2S27G12PJ6K4W21;9AAMLHBRQCE3WL9PW;B4CWKGP86T0UP4BNC;VHGV98VWW46Z9YHW8,Y1BV6G36IQF558E14;6DBIZO5E79I2VWMZC;QFBRXP8BD55HH3QGA;QKYWK0TE2CEDIDJX2;LMOS7O56608XHT5JP;3MEFYSG74IMH2X99V;FW2S27G12PJ6K4W21;9AAMLHBRQCE3WL9PW;B4CWKGP86T0UP4BNC;VHGV98VWW46Z9YHW8,10676681225;10676732255;10677804946;10676784813;10676613165;10676583727;10677572436;10677644102;10677661858;10676676230,10676681225;10676732255;10677804946;10676784813;10676613165;10676583727;10677572436;10677644102;10677661858;10676676230
"23 Sable Run Lane, Methuen, MA 01844",IPOZY1YHV1MHL9ZLE;2S75TBKA0N1EM4BOB;40YATL4MWR27RX4JT;VHUXBSEPEOEZN09GM;SCO1D6XZAF9S3SOCR;OXCTMGSIU554GNLXR;KRDV37LPHUIF7DQ72;KNO7T53NI1XJG5MWW;FUF645P94953E4W1L,IPOZY1YHV1MHL9ZLE;2S75TBKA0N1EM4BOB;40YATL4MWR27RX4JT;VHUXBSEPEOEZN09GM;SCO1D6XZAF9S3SOCR;OXCTMGSIU554GNLXR;KRDV37LPHUIF7DQ72;KNO7T53NI1XJG5MWW;FUF645P94953E4W1L,10677508280;10677775127;10677696333;10677676107;10677782046;10677542835;10677526874;10677648801;10676676228,10677508280;10677775127;10677696333;10677676107;10677782046;10677542835;10677526874;10677648801;10676676228
"8502 Madrone Avenue, Louisville, KY 40258",TF6EFOGRDFYU3PBIL;H74XI4DHTDAQIVHQR;MPFM9WXPO5ALPA433;Z1MH39VOBFOKWIG0F;P1EIB40BNT32THH92,TF6EFOGRDFYU3PBIL;H74XI4DHTDAQIVHQR;MPFM9WXPO5ALPA433;Z1MH39VOBFOKWIG0F;P1EIB40BNT32THH92,10676807739;10677742850;10676603252;10676758100;10677782045,10676807739;10677742850;10676603252;10676758100;10677782045
"308 Woodleaf Court, Glen Burnie, MD 21061",EL9ZX9JY05PI3F0RZ;GSHKPW441B12F1PMT;N5RFAO01FRGFROH6B;ZODG4U7TWN2C5YIYH;3YAUOZM0C44UWIDLW;G9DQ7S7KQ20L6UYV3;AJNDMLCXGYU80BRMW;3P19DE3JQ2GO7T87Z,EL9ZX9JY05PI3F0RZ;GSHKPW441B12F1PMT;N5RFAO01FRGFROH6B;ZODG4U7TWN2C5YIYH;3YAUOZM0C44UWIDLW;G9DQ7S7KQ20L6UYV3;AJNDMLCXGYU80BRMW;3P19DE3JQ2GO7T87Z,10676618888;10677752717;10676711430;10676631912;10676846632;10677744158;10677866755;10677601859,10676618888;10677752717;10676711430;10676631912;10676846632;10677744158;10677866755;10677601859
"131 Westerly Street, Manchester, CT 06042",8SPK2DTCV4LM19FY5;S4H4O3HBT3NK3N80E;0RSF733SRUHIE007R;BQQ8GCN8JWHL6SW2M;YP5AMLTHLMF2KYBKR,8SPK2DTCV4LM19FY5;S4H4O3HBT3NK3N80E;0RSF733SRUHIE007R;BQQ8GCN8JWHL6SW2M;YP5AMLTHLMF2KYBKR,10677775131;10676689520;10676741423;10676819491;10677644098,10677775131;10676689520;10676741423;10676819491;10677644098
"450 Kinhawk Drive, Nashville, TN 37211",2U8R4RQQQFYET71Q3;PCFAZB2VNXUW0K7XE;6Q97I6I4R87CAKYZ6;34LKA4YGE4GROVWH1;E1XNUB9RSTPGVI5QV;CRQ0C4EM5DHRPYGWP;6M1FB74BAC56ZQAFJ;0X5YQLWFBQ9KWL9Z7,2U8R4RQQQFYET71Q3;PCFAZB2VNXUW0K7XE;6Q97I6I4R87CAKYZ6;34LKA4YGE4GROVWH1;E1XNUB9RSTPGVI5QV;CRQ0C4EM5DHRPYGWP;6M1FB74BAC56ZQAFJ;0X5YQLWFBQ9KWL9Z7,10676460215;10677668698;10676569735;10676796061;10677676103;10677676104;10676631913;10677726639,10676460215;10677668698;10676569735;10676796061;10677676103;10677676104;10676631913;10677726639
"388 East Main Street, , VT 05753",VPNOV22626UOLCHSI;CEHZ2RYSS1MQSL8PK;WY2OZYY7BY625GTHH;RDRR691X73P35A7GN;D5OHWW7XRNAEO3KWY;VU730LYJ7JQ5DD4EW;JUYCR96TIWEFGQJLA;LZXK3TLTNYYUALKRL,VPNOV22626UOLCHSI;CEHZ2RYSS1MQSL8PK;WY2OZYY7BY625GTHH;RDRR691X73P35A7GN;D5OHWW7XRNAEO3KWY;VU730LYJ7JQ5DD4EW;JUYCR96TIWEFGQJLA;LZXK3TLTNYYUALKRL,10677605899;10677711111;10676750512;10676613168;10676758105;10677572433;10677765427;10677572435,10677605899;10677711111;10676750512;10676613168;10676758105;10677572433;10677765427;10677572435
"2010 Rising Hill Drive, Norman, OK 73071",V6ZE6O98LEA6ZW7Y4;YELWQL3CNKMAJFT88;S1CIIOTH5SG01ZUCF;HY1TT8JY61MVLP251;6SISHQTVOOATEOTJD,V6ZE6O98LEA6ZW7Y4;YELWQL3CNKMAJFT88;S1CIIOTH5SG01ZUCF;HY1TT8JY61MVLP251;6SISHQTVOOATEOTJD,10676711436;10676859785;10676758106;10676569731;10677735067,10676711436;10676859785;10676758106;10676569731;10677735067
"210 Lacross Lane, Westmore, VT 05860",WGNYJ62MZOJNUT0NH;UY1YDRYSDHVVNT0WR;IEJG7D7IFUNGPNHA0;7X6AM8ZD8FVY7MTAV;LFBZ2VA8XMSQE6DSV;VMDQQO9GS7ZNGM6KA;NDQJAI7KPL0EDJIR8;7JW1YIVCB90QNVR75;DRM691U6AUVZKGA9C,WGNYJ62MZOJNUT0NH;UY1YDRYSDHVVNT0WR;IEJG7D7IFUNGPNHA0;7X6AM8ZD8FVY7MTAV;LFBZ2VA8XMSQE6DSV;VMDQQO9GS7ZNGM6KA;NDQJAI7KPL0EDJIR8;7JW1YIVCB90QNVR75;DRM691U6AUVZKGA9C,10677760079;10676681230;10676711429;10677661859;10676758104;10677711110;10677508281;10676758109;10676750509,10677760079;10676681230;10676711429;10677661859;10676758104;10677711110;10677508281;10676758109;10676750509
"2811 Battery Place Northwest, Washington, DC 20016",PXLQY4OWTGQHX02QL;7S81VCZUQTWZMTSUI;PULBQZ4613EKZKP0B;EG63O0OK76DF470ID;XUEDNUBS5GOXAREIG;EQHABZD4HG1G5ZDP3,PXLQY4OWTGQHX02QL;7S81VCZUQTWZMTSUI;PULBQZ4613EKZKP0B;EG63O0OK76DF470ID;XUEDNUBS5GOXAREIG;EQHABZD4HG1G5ZDP3,10676575805;10676775051;10676637527;10676853638;10677830290;10676575803,10676575805;10676775051;10676637527;10676853638;10677830290;10676575803
"802 Madison Street Northwest, Washington, DC 20011",1D97RKNRD3P586DTA;EENQVISZH8R9OJ8DT;HIEK2LGHBJOUVE9MP;CQI59L6GUULVMN8BY;2KY3Y0PYK4DPEV2E2,1D97RKNRD3P586DTA;EENQVISZH8R9OJ8DT;HIEK2LGHBJOUVE9MP;CQI59L6GUULVMN8BY;2KY3Y0PYK4DPEV2E2,10677526881;10677668702;10677508355;10677636953;10676711435,10677526881;10677668702;10677508355;10677636953;10676711435
"5928 West Mauna Loa Lane, Glendale, AZ 85306",CKWUMH2Y38HBJNJAQ;0LWLR1L19ADKO5657;T3VTTR6C7ZXTLCPZI;70HYNDA494SFMZGYY;LA9FWZFPTN0EKTDYX;PF48JD3FJWG8RSM2P;6BNO8GTYKW8GW290I,CKWUMH2Y38HBJNJAQ;0LWLR1L19ADKO5657;T3VTTR6C7ZXTLCPZI;70HYNDA494SFMZGYY;LA9FWZFPTN0EKTDYX;PF48JD3FJWG8RSM2P;6BNO8GTYKW8GW290I,10677668706;10677526882;10676853641;10677601860;10677760083;10676869468;10677684124,10677668706;10677526882;10676853641;10677601860;10677760083;10676869468;10677684124
"20930 Todd Valley Road, Foresthill, CA 95631",WHH2VPY6KC9K6ZB0V;PCX0TBHB6YUCY2BJW;TQEBYJ3CLK70CCD3F;Q7NLBL4L6II04XWTK;61BUUQNXG4C5N63X1;0YJV3LSO9JF3FLLE5;8XBDQOMQQJIZQ0USM;JMB6IFOLDXVUP83DO;WGFL6AL3A95UX8ESX;L9TSU1WAT6KO7OLYD,WHH2VPY6KC9K6ZB0V;PCX0TBHB6YUCY2BJW;TQEBYJ3CLK70CCD3F;Q7NLBL4L6II04XWTK;61BUUQNXG4C5N63X1;0YJV3LSO9JF3FLLE5;8XBDQOMQQJIZQ0USM;JMB6IFOLDXVUP83DO;WGFL6AL3A95UX8ESX;L9TSU1WAT6KO7OLYD,10676836379;10676538494;10676836376;10677765425;10676846628;10677702832;10677744160;10676758108;10677747636;10677726636,10676836379;10676538494;10676836376;10677765425;10676846628;10677702832;10677744160;10676758108;10677747636;10677726636
"2905 Stonebridge Court, Norman, OK 73071",3O7A5VFCN6I1QJY8W;3K7QR9TWQYKRQ4KTT;H58RPZV80D4PXNPTS;UV6YOU0E6B8DK4TLK;3Q9BJHR16FCNFCBAP;PY5I9H1QDLHJZ6QBA;67RA8Z6FC5H78LJ9S;F0A2F3NR1LGY04NHP,3O7A5VFCN6I1QJY8W;3K7QR9TWQYKRQ4KTT;H58RPZV80D4PXNPTS;UV6YOU0E6B8DK4TLK;3Q9BJHR16FCNFCBAP;PY5I9H1QDLHJZ6QBA;67RA8Z6FC5H78LJ9S;F0A2F3NR1LGY04NHP,10677782052;10676758102;10677661855;10676676226;10676758107;10676631919;10677760080;10676711433,10677782052;10676758102;10677661855;10676676226;10676758107;10676631919;10677760080;10676711433
"74 Springfield Street, Agawam, MA 01001",0TL10TJIWBS4PSRDQ;OIIFTHJWMJ7D3PNP8;P3K4QJ4L3Z06L02GD;5BQRGB0Y452MNPTRR;EV1SZPZTACLLH62T3,0TL10TJIWBS4PSRDQ;OIIFTHJWMJ7D3PNP8;P3K4QJ4L3Z06L02GD;5BQRGB0Y452MNPTRR;EV1SZPZTACLLH62T3,10676618891;10677735064;10676670831;10677668700;10677689935,10676618891;10677735064;10676670831;10677668700;10677689935
"5906 Milton Avenue, Deale, MD 20751",CP5HBMXOOSJT85ZA3;QFKZHNLATPY64F3EX;GDPF3OSJYJT7SQ3U6;PKHIBXOJXYBY4U0UW;Q6YDZ2SNI0JRN1Y5J;S3FUJ1C6SZ9G1BZ61;PKUSJLVZQU1T36AN3,CP5HBMXOOSJT85ZA3;QFKZHNLATPY64F3EX;GDPF3OSJYJT7SQ3U6;PKHIBXOJXYBY4U0UW;Q6YDZ2SNI0JRN1Y5J;S3FUJ1C6SZ9G1BZ61;PKUSJLVZQU1T36AN3,10677804948;10677696336;10677782054;10677720721;10677601864;10677605912;10677726633,10677804948;10677696336;10677782054;10677720721;10677601864;10677605912;10677726633
"1407 Walden Court, Crofton, MD 21114",993MOQKW01TB19683;IO5VC1YSOHL3G6ENX;7VDVOZEPOBD9Q6ZB7;BHO55RIW2JSFLUEYC;P5PSSMFFPNQSBHUZH;NFGEAGYPFG49N2RMV,993MOQKW01TB19683;IO5VC1YSOHL3G6ENX;7VDVOZEPOBD9Q6ZB7;BHO55RIW2JSFLUEYC;P5PSSMFFPNQSBHUZH;NFGEAGYPFG49N2RMV,10677726631;10676906905;10676711434;10677661857;10677765431;10676569738,10677726631;10676906905;10676711434;10677661857;10677765431;10676569738
"7431 Candace Way, Louisville, KY 40214",LS3I7J539HQ6XNMGV;LA30CQE15FA1RHIU1;WGDZLIZYVAFXUQBF2;KHUBPHDXHJPX7AU4B;EP866DA38OVB2ANMA;W5I97095BJ05OOBNR;6IAU0VMWIMUCJYO89;6TX7KN2W34RPOLE61,LS3I7J539HQ6XNMGV;LA30CQE15FA1RHIU1;WGDZLIZYVAFXUQBF2;KHUBPHDXHJPX7AU4B;EP866DA38OVB2ANMA;W5I97095BJ05OOBNR;6IAU0VMWIMUCJYO89;6TX7KN2W34RPOLE61,10677572444;10676583729;10677644101;10676796055;10677605897;10676910160;10676942429;10677775132,10677572444;10676583729;10677644101;10676796055;10677605897;10676910160;10676942429;10677775132
"1267 Martin Street, Nashville, TN 37203",9WS4A7995NQJ607RB;9W8WJB24KPMO7F58Q;LAT6281W4J6F39CBN;DASEUKSP2DMIX619N;JQDMTYSZQP7U2PKPU,9WS4A7995NQJ607RB;9W8WJB24KPMO7F58Q;LAT6281W4J6F39CBN;DASEUKSP2DMIX619N;JQDMTYSZQP7U2PKPU,10676538495;10677735069;10676538496;10676583726;10677661854,10676538495;10677735069;10676538496;10676583726;10677661854
"81 Seaton Place Northwest, Washington, DC 20001",KRV93E7XJ0UQF0V8K;E89NQDMXHSTCQ2SFQ;EPX18EQORF09P9QP9;2J9VC60F2FQF5G7LI;91TAYZHM7A407V8O6;O54NOC3HL5RK7JJ5O;Y64SJ4XKNQQ1Y5IKR;FDPHVARIS97JZ4J6B;NUG3VCGFEMQVVUJAI,KRV93E7XJ0UQF0V8K;E89NQDMXHSTCQ2SFQ;EPX18EQORF09P9QP9;2J9VC60F2FQF5G7LI;91TAYZHM7A407V8O6;O54NOC3HL5RK7JJ5O;Y64SJ4XKNQQ1Y5IKR;FDPHVARIS97JZ4J6B;NUG3VCGFEMQVVUJAI,10676869466;10677735065;10677711104;10677526879;10677782049;10677717153;10677803704;10677605896;10677735070,10676869466;10677735065;10677711104;10677526879;10677782049;10677717153;10677803704;10677605896;10677735070
"49548 Road 200, O'Neals, CA 93645",5Y10XJ3GQMA92J6WI;09R391JQXIBV0WI1H;R4QZUFBZZVEJ40L0A;MMIJTU45IALJ6ICIS;I70HWWLPHYXXYFVEW;SSJNTTNDDUD1OBOCR,5Y10XJ3GQMA92J6WI;09R391JQXIBV0WI1H;R4QZUFBZZVEJ40L0A;MMIJTU45IALJ6ICIS;I70HWWLPHYXXYFVEW;SSJNTTNDDUD1OBOCR,10677636955;10676906906;10676631915;10676846630;10676569733;10676869469,10677636955;10676906906;10676631915;10676846630;10676569733;10676869469
"210 Green Road, Manchester, CT 06042",WAAZXRR4XG9V2VPL0;VS1VGD1FPSWW6PJ4R;0EAFUH9T6VP76R0AR;SEWZPY3JO4YAWMILY;CA99XY7G8WZDZ01I6;G1I466PBZTUY40KMX;FEKVJDYKC4ERE6XIV;AOLOAU4WOV3QJMU6E,WAAZXRR4XG9V2VPL0;VS1VGD1FPSWW6PJ4R;0EAFUH9T6VP76R0AR;SEWZPY3JO4YAWMILY;CA99XY7G8WZDZ01I6;G1I466PBZTUY40KMX;FEKVJDYKC4ERE6XIV;AOLOAU4WOV3QJMU6E,10677717159;10677562518;10676631914;10676942430;10677655311;10677572441;10677572440;10677689934,10677717159;10677562518;10676631914;10676942430;10677655311;10677572441;10677572440;10677689934
"1208 Elkader Court North, Nashville, TN 37013",3ZM0XZVY0YN17FLOS;M3VXXG8Y8ZQSQ4ZYR;ZFS7TPGNS61KQW3UF;NWJPUXNQ4I9IJO7O3;93ER0FHLE2I1BRKL7;R6WQLQMJ8B5PXZ34T;GSVB9TCFJYW62K3IE,3ZM0XZVY0YN17FLOS;M3VXXG8Y8ZQSQ4ZYR;ZFS7TPGNS61KQW3UF;NWJPUXNQ4I9IJO7O3;93ER0FHLE2I1BRKL7;R6WQLQMJ8B5PXZ34T;GSVB9TCFJYW62K3IE,10677614194;10677631554;10677696331;10677804960;10676758103;10677587628;10676846625,10677614194;10677631554;10677696331;10677804960;10676758103;10677587628;10676846625
"600 West 19th Avenue, Anchorage, AK 99503",KHP5SYVQVSFABTNED;N0VKRNXHQGIB50YD2;OLIF32CE8BJOCFAS4;4TI7V7B46D3B51WVN;M2M7S1L6UC2H8666F;6G3ZOJ3N5KASYA1ZL,KHP5SYVQVSFABTNED;N0VKRNXHQGIB50YD2;OLIF32CE8BJOCFAS4;4TI7V7B46D3B51WVN;M2M7S1L6UC2H8666F;6G3ZOJ3N5KASYA1ZL,10676859782;10677668705;10676575804;10677655307;10677526878;10677572443,10676859782;10677668705;10676575804;10677655307;10677526878;10677572443
"1513 Cathy Street, Savannah, GA 31415",3QOFSTS0VV5QCLBD5;59PT5LIGNKO4YT9ZN;VSPZKLBZOSKYQ8BT8;Q7H8IREWDN6ZH6Y0V;JIH3P0RSHBDDVD8A1;AA3M8DI3OQCG450XQ;26DO1NS8JLLWRX9Q3,3QOFSTS0VV5QCLBD5;59PT5LIGNKO4YT9ZN;VSPZKLBZOSKYQ8BT8;Q7H8IREWDN6ZH6Y0V;JIH3P0RSHBDDVD8A1;AA3M8DI3OQCG450XQ;26DO1NS8JLLWRX9Q3,10676807740;10677742854;10676732262;10676741420;10676689524;10677562517;10677689932,10676807740;10677742854;10676732262;10676741420;10676689524;10677562517;10677689932
"3466 Southview Avenue, Montgomery, AL 36111",99X8HUQVBNIV3JQRC;ATTSEZ4BXRC51ZCIH;MY144NIGARXWMFZTN;GANNRWVBF7E68UNMB;UYL8UBQYT329UVZT1,99X8HUQVBNIV3JQRC;ATTSEZ4BXRC51ZCIH;MY144NIGARXWMFZTN;GANNRWVBF7E68UNMB;UYL8UBQYT329UVZT1,10676869471;10677747633;10677747637;10676796058;10677830291,10676869471;10677747633;10677747637;10676796058;10677830291
"5114 Greentree Drive, Nashville, TN 37211",78SXIRR70PXKAY8NX;9VDVMWMNV5IH2C2IY;I7CMZW88CYX074N1O;254Z19730ARU7X20A;4DLRCY17H8YC5CKO6;SKATK4VSHR3SN5DB5;DJ52H5GZZR6DELYSH,78SXIRR70PXKAY8NX;9VDVMWMNV5IH2C2IY;I7CMZW88CYX074N1O;254Z19730ARU7X20A;4DLRCY17H8YC5CKO6;SKATK4VSHR3SN5DB5;DJ52H5GZZR6DELYSH,10676750507;10677803777;10677587527;10677696337;10676637529;10677661851;10677696335,10676750507;10677803777;10677587527;10677696337;10676637529;10677661851;10677696335
"3729 East Mission Boulevard, Fayetteville, AR 72703",H80Z8WFFF3Y9CR2UF;UXMA8ER2179QQFEOU;ZXP66PMFIHS4UM30E;K3DON7XC6PYYHZ2CZ;LX6URW6N7J78X5HLN,H80Z8WFFF3Y9CR2UF;UXMA8ER2179QQFEOU;ZXP66PMFIHS4UM30E;K3DON7XC6PYYHZ2CZ;LX6URW6N7J78X5HLN,10676869473;10676819494;10677572439;10676613166;10677744159,10676869473;10676819494;10677572439;10676613166;10677744159
"3034 Mica Street, Fayetteville, AR 72704",BD8QUJ9KRKEOMWATV;WG9YF9XBT1BFINZMF;32T83X9P7FY0I11C7;7HZV9ZY23W7Q6N7SL;2DTFFYYZVIUDYPSZ1;I4QLDNKTONL5AE1XF;7RFBOMJLA26Z44S4F;SF5LRSQRLHMN8LRPE,BD8QUJ9KRKEOMWATV;WG9YF9XBT1BFINZMF;32T83X9P7FY0I11C7;7HZV9ZY23W7Q6N7SL;2DTFFYYZVIUDYPSZ1;I4QLDNKTONL5AE1XF;7RFBOMJLA26Z44S4F;SF5LRSQRLHMN8LRPE,10676689519;10677668701;10677684125;10677689931;10676741418;10676846627;10677631557;10677605898,10676689519;10677668701;10677684125;10677689931;10676741418;10676846627;10677631557;10677605898
"22572 Toreador Drive, Salinas, CA 93908",4OIZDFEAKLX2DD0ZU;0GYJJXBC0WQ84UFEY;YNRSGP1L9CI206S7M;0MP5WN3PSOBMA0XM0;MZ20M1GPWMWT1QJG0;JI4NKG7VDVECX3T1E,4OIZDFEAKLX2DD0ZU;0GYJJXBC0WQ84UFEY;YNRSGP1L9CI206S7M;0MP5WN3PSOBMA0XM0;MZ20M1GPWMWT1QJG0;JI4NKG7VDVECX3T1E,10676569740;10676618893;10676631916;10677742855;10676836368;10677717157,10676569740;10676618893;10676631916;10677742855;10676836368;10677717157
"629 Debbie Drive, Nashville, TN 37076",OYNT2WJTQIXO9HT1T;W09ESDFFWHLFNX5L7;BLUF9MHLP1HHG415T;0DQOWOCGAYS3DR4RI;30DG6Q2U8M4E7Y39X;PF1ITKPQT7AXWD9F4;U2BQ2R25WBWWUFW63;708N30ESUGKHO2DB5;CPDYOU9RBH8TD2WNG;VQVQ1XJXBHBSSM045,OYNT2WJTQIXO9HT1T;W09ESDFFWHLFNX5L7;BLUF9MHLP1HHG415T;0DQOWOCGAYS3DR4RI;30DG6Q2U8M4E7Y39X;PF1ITKPQT7AXWD9F4;U2BQ2R25WBWWUFW63;708N30ESUGKHO2DB5;CPDYOU9RBH8TD2WNG;VQVQ1XJXBHBSSM045,10677562519;10676741422;10677720726;10677765443;10676670830;10676836372;10677526876;10676618892;10676775050;10677775133,10677562519;10676741422;10677720726;10677765443;10676670830;10676836372;10677526876;10676618892;10676775050;10677775133
"5461 West Shades Valley Drive, Montgomery, AL 36108",ZGI2SHI371J7L6F9Z;6XFCRMTJB2BKOM0HJ;LZYTFCCOUZCBVMHHJ;ZZ8Y206W4GPSV2H8O;BKC9SSR4Y9LXKSPEL;LULKNEW7JIOZIZVGG;VDNP0ICQKEV6N8CZG;BV6YE480E60GJGV1D;EOLTPAU09VOJP0QOL;K39QOKFFYDBZCJJO9,ZGI2SHI371J7L6F9Z;6XFCRMTJB2BKOM0HJ;LZYTFCCOUZCBVMHHJ;ZZ8Y206W4GPSV2H8O;BKC9SSR4Y9LXKSPEL;LULKNEW7JIOZIZVGG;VDNP0ICQKEV6N8CZG;BV6YE480E60GJGV1D;EOLTPAU09VOJP0QOL;K39QOKFFYDBZCJJO9,10676575809;10676910159;10677726638;10677830292;10676618894;10677655310;10677676109;10677636949;10677720720;10677562516,10676575809;10676910159;10677726638;10677830292;10676618894;10677655310;10677676109;10677636949;10677720720;10677562516
"1649 Timberridge Court, Fayetteville, AR 72704",MLGYP2J03CSERDSAN;ETU0Q7IHJ46PEW733;NAQCULMD1Q0SB6PK8;H6I9D4UI6BI7IEEQ1;FNLHQS9A4CL84DNFE;KKGSMY7O1IPCMZ5ZE;LQC0L43ISD4CFODJP;R943YAUC4LK748NSR;A3MEHXRATUNJIXLHT;WPE50JKMP6G2MD5CK,MLGYP2J03CSERDSAN;ETU0Q7IHJ46PEW733;NAQCULMD1Q0SB6PK8;H6I9D4UI6BI7IEEQ1;FNLHQS9A4CL84DNFE;KKGSMY7O1IPCMZ5ZE;LQC0L43ISD4CFODJP;R943YAUC4LK748NSR;A3MEHXRATUNJIXLHT;WPE50JKMP6G2MD5CK,10676826971;10676826972;10676846633;10677744162;10677614196;10677804941;10677636966;10677866758;10676631917;10677775128,10676826971;10676826972;10676846633;10677744162;10677614196;10677804941;10677636966;10677866758;10676631917;10677775128
"314 South 17th Street, Nashville, TN 37206",1I22OESJBDF47EIV4;ULUMFGNT2UY6ESDCM;Y9YGRZ4PQ2Z1GJVVZ;Z0K3GP9U38U8QJEIB;5FRCBKKHB9UYAI9XH;2QN6YCGXY2IP8V7JM,1I22OESJBDF47EIV4;ULUMFGNT2UY6ESDCM;Y9YGRZ4PQ2Z1GJVVZ;Z0K3GP9U38U8QJEIB;5FRCBKKHB9UYAI9XH;2QN6YCGXY2IP8V7JM,10676613161;10676681227;10677752716;10676569739;10676826969;10676618906,10676613161;10676681227;10677752716;10676569739;10676826969;10676618906
"4 Old Colony Way, Yarmouth, MA 02664",CJ3CI3MJR4CUIVSMQ;JV9GAI41C16DYUXAJ;CDOUBJSBAGM2APT6Y;KZ3N96HAAN6L6CWFV;3A9U8D0TNIOAQUPNL;HLBNK68Z47NNA1CEO;LZ5PSYLKOJTUFH6CY;0E41HCN22ZKFES8JQ;7ONL0H81E5WKVCKAD;H6RM7SC92WW8QIWM9,CJ3CI3MJR4CUIVSMQ;JV9GAI41C16DYUXAJ;CDOUBJSBAGM2APT6Y;KZ3N96HAAN6L6CWFV;3A9U8D0TNIOAQUPNL;HLBNK68Z47NNA1CEO;LZ5PSYLKOJTUFH6CY;0E41HCN22ZKFES8JQ;7ONL0H81E5WKVCKAD;H6RM7SC92WW8QIWM9,10677587627;10677668703;10676583730;10677702829;10677631558;10676836375;10677684127;10676836378;10677661853;10677702830,10677587627;10677668703;10676583730;10677702829;10677631558;10676836375;10677684127;10676836378;10677661853;10677702830
"60 Desousa Drive, Manchester, CT 06040",FY2X9R0JCBVETIYMQ;FOC4WA327HS9QN1LN;KDVO62IJ8L55UVV45;5EODSFPF1J1RCMIII;M0C9DI448E8KRK9C9;ORYFQXTUWJTP31BPT;I0O3XYD1DNGPXIIB0,FY2X9R0JCBVETIYMQ;FOC4WA327HS9QN1LN;KDVO62IJ8L55UVV45;5EODSFPF1J1RCMIII;M0C9DI448E8KRK9C9;ORYFQXTUWJTP31BPT;I0O3XYD1DNGPXIIB0,10677866759;10676732260;10677720722;10676681228;10676784816;10676676231;10677742853,10677866759;10676732260;10677720722;10676681228;10676784816;10676676231;10677742853
"87 Horseshoe Drive, West Windsor, VT 05037",Z5OW26048X5OSU1DV;UOWGJUWYR1JLFCGOZ;9NGZVE7BY839AMLV5;LMZUIVO0TJ1GWCMII;9J4ERI2PCEB70WDH7;ZAYWI94JI507DC56B;32FQAI1OZRU81TQN9;TRTEE5XOS7SCJI9QH;W86QMR52HTHEVRKYW;3RR56BSJ8E5HEQUCI,Z5OW26048X5OSU1DV;UOWGJUWYR1JLFCGOZ;9NGZVE7BY839AMLV5;LMZUIVO0TJ1GWCMII;9J4ERI2PCEB70WDH7;ZAYWI94JI507DC56B;32FQAI1OZRU81TQN9;TRTEE5XOS7SCJI9QH;W86QMR52HTHEVRKYW;3RR56BSJ8E5HEQUCI,10676583725;10677726637;10676603256;10677542833;10677696330;10676637528;10676819493;10677696334;10677803779;10677542834,10676583725;10677726637;10676603256;10677542833;10677696330;10676637528;10676819493;10677696334;10677803779;10677542834
"6463 Vrain Street, Arvada, CO 80003",P72IT4OHXFEK0MBTR;TDZ0PH7B49BWUVKV9;Y6CXX8GN15SUQQ7A8;79ILLYATHGHRK6JLV;7JZE51LY60K4PUVV2;RYETS6JDWUIMBMCL5;WR9IOHKPDI1TO97H7,P72IT4OHXFEK0MBTR;TDZ0PH7B49BWUVKV9;Y6CXX8GN15SUQQ7A8;79ILLYATHGHRK6JLV;7JZE51LY60K4PUVV2;RYETS6JDWUIMBMCL5;WR9IOHKPDI1TO97H7,10676676233;10677601858;10676637530;10676613164;10676859784;10677572437;10677804945,10676676233;10677601858;10676637530;10676613164;10676859784;10677572437;10677804945
"2203 7th Street Road, Louisville, KY 40208",F9DHRXL83JDCLMGJ2;JR1YBNRI2NI38R3W0;N8NE5IGWWX3RFSJRE;K8S0WTZOEC8GAEHRS;GSPSDRYGN6ZZZLNYD;T0FSMYATRYOD2W67W,F9DHRXL83JDCLMGJ2;JR1YBNRI2NI38R3W0;N8NE5IGWWX3RFSJRE;K8S0WTZOEC8GAEHRS;GSPSDRYGN6ZZZLNYD;T0FSMYATRYOD2W67W,10677631559;10676750511;10677760084;10677508356;10677648806;10676575811,10677631559;10676750511;10677760084;10677508356;10677648806;10676575811
"8821 West Myrtle Avenue, Glendale, AZ 85305",A8HN0ZOX9HF88U8F3;RDRRPPTCS1FMU86AQ;H2RKIXGUI19VGSW1V;KGQ3LR2I2CYNCP47L;DT05ARWBVY7DQTAES;5Y7MA48ZVVT6GDSYX,A8HN0ZOX9HF88U8F3;RDRRPPTCS1FMU86AQ;H2RKIXGUI19VGSW1V;KGQ3LR2I2CYNCP47L;DT05ARWBVY7DQTAES;5Y7MA48ZVVT6GDSYX,10677747632;10677572442;10677711105;10676859786;10677782047;10677711109,10677747632;10677572442;10677711105;10676859786;10677782047;10677711109
"5403 Illinois Avenue, Nashville, TN 37209",0EPA2Y82L2RXCNMGL;MVBEPVFSCGH1H83PI;OYB39DJPX1O8PADHS;C17R53S7055JI3PGO;PQPFNBP61N1IKBQNL,0EPA2Y82L2RXCNMGL;MVBEPVFSCGH1H83PI;OYB39DJPX1O8PADHS;C17R53S7055JI3PGO;PQPFNBP61N1IKBQNL,10677711106;10677782051;10677614198;10677742852;10677804947,10677711106;10677782051;10677614198;10677742852;10677804947
"5601 West Crocus Drive, Glendale, AZ 85306",H4JZU2VWFI4QT3PQN;SJJ6J1HZC32SNOR3I;SDXM76CQJ1YM6GNGY;ERIZF9Z0631LAH5D5;W5D1GSL7RF5EYE0F7;5XBB0OOV73WQ8ZUMC;9CCCTGUS0UW70VDHC;MNE1O9K1X52U1DAU6;YSDDK85RB4TFDVBV4,H4JZU2VWFI4QT3PQN;SJJ6J1HZC32SNOR3I;SDXM76CQJ1YM6GNGY;ERIZF9Z0631LAH5D5;W5D1GSL7RF5EYE0F7;5XBB0OOV73WQ8ZUMC;9CCCTGUS0UW70VDHC;MNE1O9K1X52U1DAU6;YSDDK85RB4TFDVBV4,10677765430;10677601861;10676676227;10676603259;10677601865;10677830306;10677804944;10676603255;10676689521,10677765430;10677601861;10676676227;10676603259;10677601865;10677830306;10677804944;10676603255;10676689521
"637 Britannia Drive, Vallejo, CA 94591",EFYUQLFEQX0D61ZNH;W38RWLG2Z7OYRNRDP;2PSZDY9PMCAN4A75P;T8MRSCO6NWYPQ7E6M;24461DNDPLP4NUGCL;IQ3LIN8JLFCI3RYYE;D0O7EMRHG9V3I73JL;CE48OXWWZUTV3PWDR,EFYUQLFEQX0D61ZNH;W38RWLG2Z7OYRNRDP;2PSZDY9PMCAN4A75P;T8MRSCO6NWYPQ7E6M;24461DNDPLP4NUGCL;IQ3LIN8JLFCI3RYYE;D0O7EMRHG9V3I73JL;CE48OXWWZUTV3PWDR,10677744161;10677587615;10677830293;10676869470;10677684123;10676758099;10677782050;10676869472,10677744161;10677587615;10677830293;10676869470;10677684123;10676758099;10677782050;10676869472
"18 Densmore Drive, Essex, VT 05452",FL2WQV6RQOXBIEXAH;2VLAYMG7TWHHQDA0H;VAN0X4J54GUMXCJ0P;TM8A819ZCBGOD4TVF;9TMSEZ953R5FWLO61;6Q4FAIZZBT6TKF6JP,FL2WQV6RQOXBIEXAH;2VLAYMG7TWHHQDA0H;VAN0X4J54GUMXCJ0P;TM8A819ZCBGOD4TVF;9TMSEZ953R5FWLO61;6Q4FAIZZBT6TKF6JP,10676750505;10677747638;10676853636;10677804943;10676631911;10676750508,10676750505;10677747638;10676853636;10677804943;10676631911;10676750508
"2721 Lindsay Avenue, Louisville, KY 40206",AJLEVFUDF76NRPAYW;N2F68A21GNY8XFKAH;CVGMED72368SF721V;G46QDSRHBHV0EVNOR;YVW3SQ0E7VWJ3MKDI,AJLEVFUDF76NRPAYW;N2F68A21GNY8XFKAH;CVGMED72368SF721V;G46QDSRHBHV0EVNOR;YVW3SQ0E7VWJ3MKDI,10676569734;10676732263;10677765432;10677782065;10676796056,10676569734;10676732263;10677765432;10677782065;10676796056
"150 Carter Street, Manchester, CT 06040",UNOEM40YA5M5GEG3W;6CJ1TI0UNLYYCLWVL;EKAOEIQU7XJ00NOKK;Q81OUH31DKWD7P121;70SCZJS0XKQOVA4NG;1K8CH72VTTHDHQJDC;FYDQD4QY2GZI82F44,UNOEM40YA5M5GEG3W;6CJ1TI0UNLYYCLWVL;EKAOEIQU7XJ00NOKK;Q81OUH31DKWD7P121;70SCZJS0XKQOVA4NG;1K8CH72VTTHDHQJDC;FYDQD4QY2GZI82F44,10676784815;10677648802;10676859783;10677717158;10677702831;10676826973;10676732261,10676784815;10677648802;10676859783;10677717158;10677702831;10676826973;10676732261
"560 Penstock Drive, Grass Valley, CA 95945",7P4K2MCYQ1DHTNXON;N535SFZ64B0GS2VOM;QE7W4CRUS8ZKMJZ62;HPJMYNN9HUSOZW9S1;ZJ6ALBY1N9XTH4W7F;0WOKTCC5BVVKVWWPN,7P4K2MCYQ1DHTNXON;N535SFZ64B0GS2VOM;QE7W4CRUS8ZKMJZ62;HPJMYNN9HUSOZW9S1;ZJ6ALBY1N9XTH4W7F;0WOKTCC5BVVKVWWPN,10677782053;10677803794;10676796062;10676807727;10676775052;10676836374,10677782053;10677803794;10676796062;10676807727;10676775052;10676836374
"6007 Applegate Lane, Louisville, KY 40219",4AHOG3HY81M6ARIXJ;HSLI2DECA6YE6F2YP;NONG2PN4JVTMFX2LC;HKA149Q20LF7A9X29;4CINP1FEXSV710YFN;SYN5V53Y6R4P6PT46;CX90HZWUQX44NHMK5;22I932W15LADY5WGK;AFFS85FZM4PJ4K3KU;9YCIN2Z2N8P6USL3T,4AHOG3HY81M6ARIXJ;HSLI2DECA6YE6F2YP;NONG2PN4JVTMFX2LC;HKA149Q20LF7A9X29;4CINP1FEXSV710YFN;SYN5V53Y6R4P6PT46;CX90HZWUQX44NHMK5;22I932W15LADY5WGK;AFFS85FZM4PJ4K3KU;9YCIN2Z2N8P6USL3T,10677572438;10677601862;10677765429;10677526880;10677775129;10677804959;10676942432;10676732265;10676750506;10677601863,10677572438;10677601862;10677765429;10677526880;10677775129;10677804959;10676942432;10676732265;10676750506;10677601863
"1745 T Street Southeast, Washington, DC 20020",SWZQ7ZT15QIFGF1G9;ZYIWDL1VQ568GH3Z5;OXVQJOTZYKQOISQM4;TC8YHQ9J9M64YMRB5;V7GZ35JKONZI9YOO0;WNRHE7FFN15TM2JJS,SWZQ7ZT15QIFGF1G9;ZYIWDL1VQ568GH3Z5;OXVQJOTZYKQOISQM4;TC8YHQ9J9M64YMRB5;V7GZ35JKONZI9YOO0;WNRHE7FFN15TM2JJS,10677689938;10676732258;10676846634;10676575807;10677648804;10677742851,10677689938;10676732258;10676846634;10676575807;10677648804;10677742851